id,rasgo,peso,marca,otorgada,sesion
pm-003,COO,3,"S1: 1er rescate real (Naka-ku sur), coordinación, 2 civiles salvados.",si,1
pm-006,carácter_voluntad,2,S1: se contuvo de drenar al villano.,si,1
pm-007,maestria_quirk,3,"S2: 1er entrenamiento dedicado (2 anclas, Blackroot). → maestría 2→3.",si,2
pm-011,maestria_quirk,3,S3: doble entrenamiento (control del Eco + escuchar savia). → maestría 3→4.,si,3
pm-013,carácter_voluntad,3,S3: honestidad máxima — confesó a Momo su naturaleza de bosque pudiendo mentir.,si,3
pm-014,maestria_quirk,2,S4: sostuvo los 'dos tiempos' LIMPIO (sin scar) — consolidación de M4. NO se concede subida: Aizawa avisa que el Quirk crece demasiado rápido; se RALENTIZA la curva. Marca acumulada hacia M5 (que exigirá más que un día de entrenamiento).,si,4
pm-015,carácter_voluntad,3,"S4: HONESTIDAD MÁXIMA — le contó a Momo TODO el Quirk + lo del borrado, resolviendo el dilema; rechazó rebobinarle la memoria (respetó su agencia = línea roja no cruzada). Marca cumbre de carácter.",si,4
pm-016,COO,3,"S4 (liderazgo): FUNDÓ la mesa de los guardianes — dio identidad y pertenencia a los del margen (Todoroki, Kōda, Aoyama, Tokoyami, Midoriya); ablandó a Todoroki (pacto de amistad público); ganó a Iida. Liderazgo social de peso.",si,4
pm-017,ING,1,"S4: elefante académico a 2/3, mates dominado.",si,4
pm-018,carácter_voluntad,3,"S5: SELLÓ su línea roja anti-Drácula ante Aizawa como testigo ('recibir, no tomar'; se compromete a parar si el sabor manda sobre el motivo). Ética hecha pacto público con un adulto. Marca cumbre de carácter.",si,5
pm-019,carácter_voluntad,2,"S5: humildad/disciplina bajo prueba — Aizawa lo acusó en falso de derrochón para ver si necesitaba tener razón; Akari se lo tragó en silencio (siendo falso) y se puso él solo al filo del desmayo para conocer su propio bidón. No presume, no discute.",si,5
pm-020,maestria_quirk,2,"S5: primer manejo de BLACKROOT en combate (sostener bestia + pelear a la vez = gestión de bidón bajo presión) y adaptación EN BRUTO al Erase de Aizawa (pelear sin Quirk). Aprendió a leer su pool desde dentro. NO se concede subida: maestría CONGELADA a propósito (camuflaje anti-borrado); marca de CONTROL/técnica acumulada, no de número.",si,5
pm-021,COO,3,"S6: en UNA noche ganó al BAKUSQUAD entero y quedó como su 'coach' táctico (le encontró el punto ciego a Bakugo, una vía de crecimiento a Kaminari) + montó la COARTADA de rivalidad académica con Momo que blinda su secreto. Liderazgo social + inteligencia operativa bajo presión (juego 'yo nunca', OPSEC).",si,6
pm-022,carácter_voluntad,2,"S6: HONESTIDAD RADICAL — disclosó el bosque a Jirō y a Mina con pactos de 'herida limpia', negándose a jurar lo que no podría cumplir (el nombre a Jirō) y poniéndose él en la peor posición con Mina por respeto. Además RODEÓ a propósito la herida de Deku con Bakugo pudiendo usarla para ganar.",si,6
pm-023,TEC,2,"S7: SEGUNDA PIEL DE SAVIA — aplicación inédita del Quirk inventada y ejecutada a la primera: capa finísima seca carmesí sobre otro cuerpo con control PELO A PELO sostenido ~45 min (hizo VISIBLE a Hagakure por 1ª vez en su vida). Test de validez: actuó (invención propia), coste (pool + riesgo emocional), cambió algo (hito vital de un NPC + herramienta nueva), decisión activa. Control fino de élite SIN subir maestría (camuflaje intacto).",si,7
pm-024,carácter_voluntad,2,"S7: HONESTIDAD RADICAL (continuación de patrón) — bosque COMPLETO a Hagakure el mismo día de su florecer, con PACTO DE SALIDA ofrecido ANTES que el de entrada ('la puerta de salida también es tuya') y promesa de 'ni una mentira' con cláusula honesta ('si no puedo contarlo, te digo que no puedo'). Se puso en la peor posición pudiendo callar un día más.",si,7
pm-025,vinculo_hagakure,1,"S7: FLORECER COMPLETO de Hagakure (dif 4 → peso 1): primer beso, primera vez sexual de ambos, el secreto de la percepción entregado, y el hito vital de hacerla VERSE (segunda piel). Riesgo real asumido: disclosó el bosque completo EL MISMO DÍA pudiendo perderla recién ganada. Al concederse: 1 subida de stat a elección (o +1 maestría — vetada por congelación).",si,7
pm-026,TEC,2,"S8/D7: PRIMERA TRIPLE INVOCACIÓN con DELEGACIÓN AUTÓNOMA (Blackroot + Corvax + Yogmungard, ~1h sostenida) + invención del SIMULACRO DE EVACUACIÓN de herido (engullido por Yogmungard, 700m en 3:50, ojos aéreos de Corvax estando dentro, escolta de Blackroot), bajo supervisión de Aizawa. Test de validez: actuó (invención propia), coste (pool + pillada + castigo-informe), cambió algo (protocolo de auto-evacuación fundado + órdenes permanentes), decisión activa. Crecimiento SIN subir maestría (delegación = control, no potencia).",si,8
pm-027,vinculo_momo,2,"S8/D7: FLORECER COMPLETO del vínculo central (dif 6 → peso 2): primera vez (×3), primer drenaje real de su vida EN AMOR (sintonización completa), promesa de matrimonio dada y respondida con condición estructural (la guerra de ella), acta cuídanos, cláusula dormir-juntos, visión de hijos sin jaula de oro. Riesgo real: condición 1 cumplida ANTES del hotel pudiendo dinamitar el día; la herida del tía reparada en caliente.",si,8
pm-028,carácter_voluntad,1,S8/D7: HONESTIDAD BAJO AUTORIDAD — confesó a Aizawa el plan de vuelo ilegal completo sin adornos (si no me pillan no hay denuncia incluido) y ELIGIÓ LA PUERTA en vez del muro con la lección de vigilantes recién dada. Aizawa: aprobado en la asignatura de verdad.,si,8
pm-029,TEC,2,"S9/D10-11: ALAS DE SAVIA — nueva aplicación del aspecto Cuerpo, inventada y brotada (plantasangre estructural desde columna/costillas, con ayuda botánica de Ibara) + primer vuelo de MEDIO SEGUNDO aplicando la técnica de Nejire (frecuencia modulada). Test de validez: actuó (invención propia), coste (pool considerable + riesgo), cambió algo (capacidad nueva + ruta de vuelo abierta), decisión activa. Control fino de élite SIN subir maestría (camuflaje intacto). Vuelo sostenido = desarrollo futuro (ruta-007).",si,9
pm-030,TEC,1,"S9/D9-11: REPARTO DE ATENCIÓN — el techo 'ojo o puño' de las bestias trabajado con Aizawa: de cegarse al mirar por una bestia a sostener 'medio ojo' (D9) → 'casi un ojo entero de reojo' (D11) sin caerse. Primer atisbo del streaming parcial (M5-6 canónico). Control, no potencia.",si,9
pm-031,carácter_voluntad,2,"S9/D9-10: ELEGIR LA PUERTA v2 — metió bestias exploradoras en el colector sin permiso (test 'sin observador'), encontró una brecha real (colector subterráneo), un sensor lo registró, y CONFESÓ a Aizawa ANTES de que lo pillaran, TENIENDO la ventana abierta de lavar el dato. Segunda vez eligiendo la puerta con la salida a mano. Sostuvo su premisa ('lo repetiría') sin fingir arrepentimiento, y aceptó el castigo sin creerlo justo ('confronto opinión, no me quejo'). Síntesis: red team autorizado.",si,9
pm-032,ING,2,"S9/D10: REVELACIÓN DE MÉTODO + CAMBIO DE MOTIVACIÓN — de la lección de vigilancia de Aizawa ('buscar anomalías, no recorrer líneas') extrajo un método universal de aprendizaje (cazar los puntos donde el saber se rompe = bisturí, no escopeta) y RECONFIGURÓ su motivación: de perseguir el número uno (validación externa = correa, lección de Midnight) a DOMINAR EL CONOCIMIENTO / matrícula de honor en todo (ancla interna). Crecimiento de carácter mayor: el fuego sobre el humo. Cierra el arco que abrió Midnight en D8.",si,9
pm-033,vinculo_kendo,1,"S9/D10: KENDO CRUZÓ EL UMBRAL (dif 4 → peso 1): de puerta entornada a entrando CON SUS TÉRMINOS, tras Akari venir DE FRENTE con la verdad completa del marco (todo menos renunciar al árbol/su nombre). Riesgo real: exponer el harem entero a una líder orgullosa que podía cerrarse. Primer beso. Al concederse: 1 subida a elección (o +1 maestría vetada).",si,9
pm-034,vinculo_hagakure,1,"S9/D9: TORU FLORECE COMPLETO (2ª fase, dif 4): te-quiero disparado ('lista tres'), primera vez completa (coito), primer drenaje de ella (sintonización iniciada, fragmento de invisibilidad), y el hito vital de la SESIÓN DE FOTOS (existir en imagen por 1ª vez desde los 5 años). Amor mutuo declarado. Cierre económico (deuda saldada).",si,9
pm-035,vinculo_shiozaki,1,"S9/D10: IBARA DESPERTADA (dif 4 → peso 1): reconciliación de su guerra fe-vs-cuerpo (teología del pilar), PRIMER BESO iniciado por ELLA, ALIANZA DE SANGRE sagrada (fragmento de vides, recuerdo de su infancia), intimidad pre-coital (su primer placer), y co-creación de las alas de savia. Closeness 4→6, ANCLADA. Cortejo lento resuelto en despertar.",si,9
pm-036,COO,2,"S9/D10: RED AMPLIADA A LA ÉLITE Y AL RADAR — ganó contactos de los TRES GRANDES (Nejire+Mirio, consejos de oro que le firmaron el ensayo y la técnica de vuelo), convirtió el mayor RADAR de 1-A (Tsuyu) de amenaza en aliada por pura honestidad (sin poder engañarla), y dio foco/puentes a compañeros sin voz (Shoji, Ojiro, Tamaki, Tokoyami-metal). Inteligencia social + gestión OPSEC bajo un radar que lo ve. Liderazgo que trasciende su propia clase.",si,9
pm-037,ING,2,"S10/D11: BISTURÍ DESPLEGADO EN EL AULA — en un solo día abrió 5 flancos de examen leyendo a los examinadores (Mic: oído/radio; Ectoplasm: duelo + segundo camino, premio fuera de curso; Cementoss: Ozymandias → invitación personal; Snipe: despacho abierto; plan de 7 asignaturas), instauró APUNTES EN INGLÉS (doble temario por unidad de tiempo) y consiguió los cuadernos de 3º de Nejire. Método aplicado con resultados verificables el mismo día.",si,10
pm-038,caracter,2,"S10/D11: LA CONTENCIÓN ELEGIDA — primer drenaje de su vida SIN Blackroot de guardia (Mina, en clímax) + 6ª declinación del hambre + gestionó la GULA de las 3 catas con pool lleno + archivó como anomalía la frase nueva de la voz verde ('viviríamos también dentro de ella'). Momo (comité de ética): 'entra en el acta grande; la contención elegida vale el doble que la impuesta'. Contuvo además el hambre social (no preguntó a los Big 3 por las agencias).",si,10
pm-039,vinculo_ashido,2,"S10/D11: MINA FLORECIDA COMPLETA (dif 3 → peso 2 por densidad): la madriguera revelada (nadie de UA la había visto), primera vez completa ×2 (su 1ª vez ENTERA: ácido libre + volumen libre + vista), primer drenaje (recuerdo contado, fragmento de Ácido), menú de 4 propuestas pactado con cláusulas propias, y la CRISIS DEL 'PARA' reparada en las dos direcciones (su primer límite = trofeo; la mancha de él, nombrada y desactivada por ella). Closeness 6→8.",si,10
pm-040,COO,1,"S10/D11-12: RED HACIA DENTRO Y HACIA ARRIBA — Shoji invitado a la mesa de los Guardianes con consenso ojo a ojo ('nadie me había pedido que montara guardia hacia dentro'), regalo del patrón a Ojiro ('¿repetimos la semana que viene?'), contacto de Tamaki (grupo Big 3 + logística), single circulado a 1-A Y 1-B (20/20 descargas; Kendo vector), y la familia de Jirō ganada (bendición + clases de canto con Mika). Carrera con Mirio cumplida ('la liebre').",si,10
pm-041,PWR,1,"S10 (regla de bloques, retroactiva): PRIMER BLOQUE DE ACONDICIONAMIENTO COMPLETADO (D7-D12): 10k diario desde D7 (57:00 → 54:10 en dos días, −2:50), dobles sesiones (Kendo 5:30 + Aizawa 6:30 los miércoles; Mirio al alba D12), series de capacidad de Aizawa, tabla 100/100/74, todo con déficit de sueño y agenda al límite. Test de validez: actuó ✓, coste real ✓ (madrugones/sueño), cambio medible ✓ (−2:50 y ritmo de Mirio aguantado), decisión activa ✓. CONCEDIDA (regla de bloques: sin esperar cierre de arco). El jugador eligió PWR → PWR 3→4 (hp-003).",si,10
pm-042,TEC,2,"S11/D12 (Quirk/TEC): Primer vuelo verdadero: 2,1 s aplicando con-035 ('el gasto es el metrónomo'); testigo Nejire Hado; ruta-007 hito cumplido. Test de validez: acción propia + riesgo físico + cambió su movilidad + decisión activa. CANJE aplazado a cierre de Arco 1.",si,11
pm-043,ING,2,"S11/D12: Descubrimiento de la fase 3 (absorción+eco de ondas) con protocolo de seguridad propio (NODO/CRESTA, potencia escalonada), contención voluntaria y presentación responsable a Aizawa pactada ANTES de repetir. CANJE aplazado a cierre de Arco 1.",si,11
pm-044,caracter,1,"S11/D12: Doctrina de la iniciativa: Nezu informado de Nighteye antes que sus canales + fase 3 llevada al mentor primero ('el colector, al revés'). CANJE aplazado a cierre de Arco 1.",si,11
pm-045,caracter,2,"S12/D13: LA MANO TENDIDA A URARAKA -- ofrecio compartir su habitacion 2 semanas para ahorrarle 61k/mes, abriendo su propia precariedad/no-familia ('el gato mojado que ofrece el hueco bajo el carton porque sabe lo que es estar mojado') para desactivar el orgullo de ella. Test de validez: actuo (iniciativa) + coste real (asumio conscientemente el coste OPSEC: el mejor olfato de 1-A dentro del secreto 14 dias) + cambio algo (techo + convivencia + tribu) + decision activa. CANJE aplazado a cierre de Arco 1.",si,12
pm-046,caracter,1,S12/D13: TRANSPARENCIA DEL ARBOL PRIMIGENIO -- en el momento mas desnudo (Momo en 'uno') le conto el punto 3 (la baniera) y le reafirmo que es la raiz sin rival; + videollamada de LAS 3 VERDADES (familia/mentira/Uraraka) antes de que fueran problema (marco proactivo). CANJE aplazado a cierre de Arco 1.,si,12
pm-047,ING,1,"S12/D13: crackeo de raiz la RESONANCIA/acoplamiento de frecuencias de 3o (con Nejire) -> con-045, medio tema abierto. Estudio de curso superior con resultado verificable. CANJE aplazado a cierre de Arco 1.",si,12
pm-048,TEC,1,"S12/D13: CONTROL FINO DE CUERDAS VOCALES via Cuerpo -- rango continuo voz blanca->gutural demostrado a una profesional (Mika). Control, no potencia; camuflaje/maestria intactos. CANJE aplazado a cierre de Arco 1.",si,12
pm-049,caracter,2,"S13/D14: VERDAD SOBRE MENTIRA TORPE -- ante la mejor antena de 1-A (Uraraka) y un pacto de honestidad, eligio contarle el Quirk (parcial/benigno: savia/drenaje/hombre-planta, sin nombres/bosque/Momo/borrado) en vez de sostener una mentira que ella iba a desmontar en 14 dias; lo blindo con 6 reglas OPSEC. Momo lo valido: convirtio un riesgo en CORTAFUEGOS. Test de validez: actuo (decision de disclosure) + coste real (mete a un testigo capital en el secreto) + cambio algo (Uraraka guardiana jurada) + decision activa. CANJE aplazado a cierre de Arco 1.",si,13
pm-050,vinculo,2,S13/D14: KENDO UMBRAL PROFUNDIZADO (6->7) -- morreo; puerta cerrada aceptada mutua (ella no quiere nombres; sabe que hay un bosque anonimo); sexta condicion (me llamas cuando el peso sea demasiado); innegociable de dormir-abrazados aceptado; primera vez pactada EN SUS TERMINOS (virgen); la mujer que quiero; su cansancio de lider recibido. CANJE aplazado a cierre de Arco 1.,si,13
pm-051,vinculo,2,"S13/D14: URARAKA (5->7, confianza total) -- mudanza consumada + DISCLOSURE del Quirk (guardiana jurada/cortafuegos) + oferta de SOL/tribu 14 dias; deseo nombrado y aparcado por eleccion de ella. CANJE aplazado a cierre de Arco 1.",si,13
pm-052,caracter,1,S13/D14: DEJARSE CUIDAR SIN HUIR -- por primera vez recibio el sol de otra persona sin salir corriendo (el abrazo de Ochaco); Y rehuso el abrazo condicionado para dormir (prefiero marchitarme a que me rieguen con miedo): coherencia del ancla emocional (no acepta amor a la fuerza). CANJE aplazado a cierre de Arco 1.,si,13
pm-053,ING,1,S13/D14: MEMORIA EIDETICA aplicada (con-046) sobre cuadernos de 3o -> crack del bloque siguiente de resonancia/acoplamiento (con-045 profundizado). Estudio de curso superior con resultado verificable. CANJE aplazado a cierre de Arco 1.,si,13
# NOTA: maestría CONGELADA en 4 (desde S4, ESTRATEGIA deliberada de Aizawa: cada punto es una bengala para el gobierno/coleccionista). Subidas concedidas: M2→3 (S2), M3→4 (S3). Se crece por vías SILENCIOSAS: capacidad (ruta-006), economía de uso, recuperación/drenaje AB (ruta-005). Stats se mantienen 3/3/4/4/3 (Arco 1). OJO NUEVO (S8): drenar sangre EMPUJA la maestría — la savia ofrece +1 en cada drenaje y hay que DECLINARLO conscientemente (techo anti-bengala del protocolo con Momo). ACUMULADO al cierre S8: COO peso 3 ×3 (pm-003/016/021) LISTO para valorar subida al cierre de Arco 1; carácter 3×3 + 2×4 + 1×1 (…/pm-022/024/028) cumbre sostenida; TEC 2×2 (pm-023/026) acumulando (control fino + delegación multi-bestia); vínculos: pm-025 (Hagakure, 1) + pm-027 (Momo, 2). Todas las subidas APLAZADAS a cierre de Arco 1 (evaluación S7 en modo Hito lo fijó). Entrenamiento base limpio diario (D7: 10k + tabla sin Quirk) = constancia hacia futuras marcas de PWR/VEL, aún sin marca. S11: pm-042 (Quirk/TEC 2) + pm-043 (ING 2) + pm-044 (carácter 1) otorgadas en sesión 11; el CANJE sigue APLAZADO a cierre de Arco 1 (como pm-029..041). S12: pm-045 (caracter 2) + pm-046 (caracter 1) + pm-047 (ING 1) + pm-048 (TEC 1) otorgadas en sesion 12; CANJE sigue APLAZADO a cierre de Arco 1. Maestria sigue 4 congelada (regla bebida = R6-bis, sin oferta). Sin subidas de stat en S12. S13: pm-049 (caracter 2) + pm-050 (vinculo 2) + pm-051 (vinculo 2) + pm-052 (caracter 1) + pm-053 (ING 1) otorgadas en sesion 13; CANJE sigue APLAZADO a cierre de Arco 1. Maestria sigue 4 congelada (cero drenajes en S13 = sin oferta). Sin subidas de stat en S13.
pm-054,caracter,2,"S14/D15: DISCLOSURE DEL REWIND A AIZAWA + DOCTRINA MONEDA TRUCADA. Confeso el 1er rewind social del alba (con Uraraka, frase inerte) al handler ANTES de que se lo pidieran; doctrina 'moneda trucada' (Akari + Avatar + tinte + velo-iris = indistinguibles). 3 rewinds al amanecer (tope M4). Verdad sobre el alero cuando nadie se la pedia. Test: actuo (contar) + coste (scars, riesgo OPSEC) + cambio (Aizawaentina la doctrina + la doctrina se formaliza) + decision activa. CANJE APLAZADO.",si,14
pm-055,caracter,1,"S14/D15: RITUAL MOMO DIA 4 DE REGLA + BENTO DE GRASAS. Mantenimiento del pacto con cuidado encarnado: besa dorsal + drenaje consentido + colico residual 0 + cunnilingus bebiendo regla + bento de panceta/sesamo (combustible de Creacion). NO cumbre (rutin), pero peso 1 por la sostenibilidad del rito. Test: actuo + coste (tiempo + OPSEC + emocional) + cambio (Momo sostenida en su 4o dia, raiz intacta) + decision activa.",si,14
pm-056,ING,2,"S14/D15: ECTOPLASM DUELO DEL LUNES POR SEGUNDO CAMINO. Triangulo equilatero, suma de distancias a lados independiente del punto. Resuelve por simetria/3 lineas/el porque geometrico (doctrina D11 aplicada). Generaliza a poligono equiangular (area lineal). Ectoplasm disuelve clon: 'una aprueba; otra ENTIENDE'. Test: actuo + coste (ero de foco bajo niebla ING -1 por scars) + cambio (flanco Mates EN MADURO) + decision activa. CANJE APLAZADO.",si,14
pm-057,caracter,2,S14/D15: 'INJERTO' ENTREGADO A CEMENTOSS (primer escrito propio a un mentor). 12 lineas autobiograficas (cortado de un arbol que no me queria; rama seca halla tierra e inventa la savia; cargo dentro las ciudades que no fui; cada boca que ame me dejo un anillo nuevo; en la veta se lee sin mentir cuanto he crecido). Cementoss lo lee 2 veces sin gesto. Debil Literatura (cicatriz por escrito) atacada. Test: actuo + coste (vulnerabilidad de mostrar escrito propio) + cambio (puerta Cementoss abierta de par en par + 1a entrega formal) + decision activa. ING/caracter cruzado. CANJE APLAZADO.,si,14
pm-058,COO,1,"S14/D15: REPASO OPSEC DEL DISCLOSURE DE URARAKA CON MOMO + identificacion de la grieta. Momo identifica que 'no sabe que hay mas de una fuente' es optimista — el material crudo permite inferir pluralidad cross-clase ('gente en clase Y en la B' + 'soporte'). Doctrina formal de los limites del disclosure a un guardiana (que sabe, que no, que puede inferir). Test: actuo + coste (tiempo/OPSEC) + cambio (disclosure cosido, coartada de Kioto reforzada, hilo a vigilar anotado) + decision activa. CANJE APLAZADO.",si,14
pm-059,COO,2,"S14/D15: ARCO PONY ESTRENADO. Presentacion, lectura bisturi (americana, NO francesa; muro del kanji, NO deficit intelectual), intercambio de contactos (Pony 🐴🔔), clase extra-clase pactada. Plan de ayuda a tres (Akari temario/idioma, Uraraka pertenencia, Kendo puente) en operacion. Test: actuo + coste (tiempo 电) + cambio (arco de pertenencia activado, aliada Pony 1-B) + decision activa. CANJE APLAZADO.",si,14
pm-060,TEC,1,"S14/D15: MEJORA SOSTENIDA en etiquetas (con-039). tanda de parpadeo sincronizado en entreno de tarde: Aizawa ya no distingue en ~1s, tarda mas. Umbral subido de la escalera 1s->5s->Nezu. Test: actuo + coste (pool, mañanas) + cambio medible (tecnica consolidada) + decision activa. CANJE APLAZADO.",si,14
pm-061,vinculo_jiro,3,"S14/D15: JIRO FLORECE COMPLETO (9->10, ANCLADA). Primera vez de ambos en sala 3 cantando *Come and Get Your Love* + *The Trooper*. Savia pulsada DENTRO de ella durante coito (control fino de voz + savia a la vez). Sangre libre de desfloracion bebida (lectura: AB = su mismo tipo, 'el espejo hasta en las venas'; sin flashback por bajo volumen). Susto del condon -> 'me quedaria' -> pastilla. Trato de la regla extendido (5a donante). Dif volumen 9 -> peso 3 por densidad emocional + primera vez + disclosure grande. Test: actuo + coste real (susto condon, vulnerabilidad, primera vez de ambos) + cambio algo (Jiro 9->10 ANCLADA, regimen volatil -> anclado) + decision activa. CANJE APLAZADO a cierre de Arco 1.",si,14
pm-062,TEC,2,"S14/D15: CONTROL FINO SAVIA + CUERDAS VOCALES DURANTE PRIMERA VEZ CON JIRO. Cantando *The Trooper* mientras coito + savia modulada dentro de ella con 'pulsa, no empujes' (con-035 aplicado a DOS canales a la vez: voz y termostasis interna). Supera pm-048 (rango demostrado a Mika en seco). Test: actuo + coste (atencion dividida bajo stimulacion) + cambio (tecnica nueva testigo Nejire no presente pero) + decision activa. CANJE APLAZADO.",si,14
pm-063,caracter,2,"S14/D15: SUSTO DEL CONDON + 'ME QUEDARIA'. Conversacion grande nombrada y aparcada (no negada): 'mi seriedad era por si te quedaras embarazada y quisieras tenerlo'. Pastilla pagada (¥10.000), la acompana. Firma de adulto sexual. Test: actuo (responsabilidad) + coste (¥10.000, conversacion dificil) + cambio ( Verantwortung pactada con Jiro + doctrina 'proteccion siempre' fijada por Momo) + decision activa. CANJE APLAZADO.",si,14
pm-064,ING,1,S14/D15: MEMORIA EIDETICA A SACO archivando save points de las 7 asignaturas + devolucion de los 3 cuadernos fisicos de Nejire. con-046 aplicada al maximo del dia. Test: actuo + coste (tiempo+atencion post-clases) + cambio (cubre el temario de examen desde la eidetica) + decision activa. CANJE APLAZADO.,si,14
pm-065,vinculo_mei,2,"S14/D15: MEI HATSUME FLORECER PARCIAL (0->4). Primer encuentro en taller de Soporte: drenaje por mordisco con colmillo (volumen -> bonus aplicado), primer beso (ternura, no hambre; la genia que ve a 5km no sabe que hacer con alguien a 5cm), cunnilingus + sangre libre de regla DIA 3 (colicos 6->0), Mei devuelve oral (1a vez de ella), COITO DENEGADO por Akari ('tu primera vez completa te la mereces entera; la anticipacion tambien es ingenieria'). Idea de DEPOSITOS MODULARES tipo Toga sin degradacion + diseno del costume. Test: actuo + coste (vulnerabilidad emocional de Mei, su historia sola de los 8) + cambio (Mei 0->4 en el bosque + costume en diseno) + decision activa (coito denegado por ternura, marca de adulto). CANJE APLAZADO.",si,14
pm-066,caracter,2,"S14/D15: REBRANDING DEL QUIRK ARTICULADO. 'Arcangel industrial carmesi' — sangre -> pristino/sagrado/liturgico en el imaginario colectivo; coraza de notoriedad = doctrina Aizawa 'se el activo que UA puede defender' hecha estetica. Cartuchos de sangre modulares tipo Toga (sin degradacion, casi pleno por tipo). Cruza TEC/PR/caracter. Test: actuo + coste (decision estrategica irreversible de exposicion publica de la savia) + cambio (perfil publico del PC se esboza: arcangel y no vampiro) + decision activa. CANJE APLAZADO.",si,14
pm-067,caracter,1,"S14/D15: PACTO DE LA REGLA EXTENDIDO A JIRO (5a donante). Harem-medico formalizado (Momo/Toru/Mina/Jiro, con Ibara en proyecto); cunnilingus + savia anti-colicos como cuidado reciproco en sus dias. Test: actuo + coste (gestion logistica de 5 ciclos) + cambio (doctrina del cuidado reciproco rodando) + decision activa. CANJE APLAZADO.",si,14
pm-068,vinculo_nejire,1,S14/D15: PRIMER BESO CON NEJIRE + 'sitio permanente hasta 2096' + cuadernos DEVUELTOS + 1h30 estudio pegados en biblioteca (5->6). Test: actuo + coste (vulnerabilidad de decir 'te echo de menos sin motivo' + 'te he guardado sitio permanente') + cambio (Nejire 5->6 hacia anclada) + decision activa. CANJE APLAZADO.,si,14

# S14 (D15 lun 27 may): pm-054 (caracter 2: rewind disclosure + moneda trucada) + pm-055 (caracter/vinculo 1: ritual Momo dia 4 + bento) + pm-056 (ING 2: Ectoplasm 2o camino) + pm-057 (ING/caracter 2: Injerto entregado) + pm-058 (COO 1: repaso OPSEC + doctrina disclosure) + pm-059 (COO/vinculo 2: arco Pony estrenado) + pm-060 (TEC 1: etiquetas mejora sostenida) + pm-061 (vinculo 3: Jiro florece completa 9->10 ANCLADA) + pm-062 (TEC 2: control savia+cuerdas durante coito) + pm-063 (caracter 2: susto condon + 'me quedaria') + pm-064 (ING 1: memoria eidetica a saco + cuadernos Nejire devueltos) + pm-065 (vinculo Mei 2: florecer parcial 0->4) + pm-066 (TEC/PR/caracter 2: rebranding 'arcangel industrial' + cartuchos Toga) + pm-067 (caracter 1: trato regla a 5a donante) + pm-068 (vinculo Nejire 1: 1er beso + 'sitio permanente 2096'). Σ = 25 peso en un solo dia — el maximo de la campaña. TODAS APLAZADAS a cierre de Arco 1 (mismas reglas que S8-S13). Maestria 4 congelada; sin drenajes volumen-completos-by-offer-disparo narrado (Mei volumen bonus +LUZ de oferta no narrada). Sin subidas de stat en S14. pm-060 entreno etiquetas: 3a tanda/semana cumplida — sigue完整 escalera 1s->5s->Nezu (revision viernes).
pm-069,caracter,2,"S14/D15 (APÉNDICE, turno 127-129): el PENSAMIENTO INTRUSIVO de Uraraka en la oscuridad — fantasía de rendición/somnófila donde él llega tarde, la ve dormida con edredón pateado y braguitas expuestas, NO la despierta, NO le pide permiso, le aparta el algodón y lame sin prisa. Lo que la deshace no es la imagen, es el significado: para la chica que lo carga todo y se disciplina sola, lo erótico es que la decisión se le escape de las manos por una vez. Se rompe entera en silencio, ardiendo. «Estás fatal, Uraraka. Fatal.» — Con cariño. La caja cerrada por elección sigue firme; por dentro, el fuego vive. CANJE APLAZADO a cierre de Arco 1.",si,14
pm-070,caracter,1,"S14/D15 (APÉNDICE, turno 133): JIRŌ en su casa tras el día más grande de su vida. Mika la lee con «ternura que sabe» (no pregunta, ofrece puerta). Jirō se sienta, le tiemblan las manos — el susto residual convive con el asombro. Procesa: vibración = su idioma hecho carne, dos ondas acertándose el tono; le bebió la primera sangre; «te quiero, ladrón»; él se quedó en el susto, pagó, acompañó, «no huiría» de un chico sin casa. Coge el bajo y NO lo toca — solo lo abraza, la mejilla contra la madera, tararea bajito de espaldas a la puerta un fragmento nuevo (pista 2, la que no va a subir a ningún lado). «Enamorada y con un susto y feliz, todo a la vez. Menudo desastre. Copyright.» CANJE APLAZADO.",si,14
pm-071,vinculo_momo,3,"S14/D15 (APÉNDICE, turno 135): MOMO LLAMA A JIRŌ. POV cruzado. Momo cumple el encargo de Akari («llama como amiga»). En su cuarto de ala fría respira: «sé exactamente lo que te pasa hoy. Me lo contó él hace una hora. Y no puedo decírtelo.» Miente como amiga ligera. Jirō se sienta, la armadura le sube sola. «No. O sí. Las dos.» No puede contarle el nombre (secreto), pero sí el cuerpo. Momo: «no necesito el nombre. Cuéntame cómo te sientes.» Jirō: «como cuando dos notas por fin aciertan el tono, Momo. Como si alguien me oyera entera por primera vez.» Momo con los ojos cerrados y una mano en el pecho: «sé exactamente cómo se siente. Porque a mí me hace lo mismo. Con la misma boca. Y estoy escuchando a mi amiga describir al hombre que quiero, y tengo que sonreír.» Responde: «lo sabes cuando rompe tu método y aun así no te arrepientes. Rompí mi hoja de pros y contras en cuatro. Única decisión de mi vida sin metodología. Y volvería a romperla.» Cuelga. Y sola, deja caer el teléfono y se permite dos lágrimas, calladas, de una que acaba de sostener la primavera de su amiga como si no fuera también la suya. Luego se seca la cara, coge el temario, y se pone a estudiar. Porque es Momo. Y el árbol no se rompe. Solo se dobla y sigue. HITO MAYOR — carácter+cumbre+coste del rol. CANJE APLAZADO a cierre de Arco 1.",si,14
pm-072,caracter,1,"S14/D15 (APÉNDICE, turno 137): MEI sola en su taller tras la primera vez vista de cerca. Se toca los labios (rastro de cobre y verde); intenta clasificarlo en datos («componente ferroso, nota herbácea, pH ligeramente— no. No.»). Canaliza la emoción que no sabe archivar en el diseño del ARCÁNGEL INDUSTRIAL (rojo litúrgico + vitral gótico + alas de anclaje + cartuchos como reliquias) — y el diseño le sale BIEN, con un cariño en cada curva que ella no reconoce como cariño porque nunca ha tenido dónde ponerlo. «Ha visto el cobertizo. La niña de ocho años, los cacharros que nadie miraba, la decisión de hacerlos imposibles de ignorar. Se lo ha visto. Y no ha dicho qué triste. Ha dicho reconozco el material. Y se ha quedado.» Activa el Zoom (ojos de diana a kilómetros): la chica que ve más lejos que nadie — invisible a cinco centímetros hasta hoy. «No tiene categoría. No sé en qué carpeta va esto. No sube el pool, no es una patente, no es un dato de rendimiento y me tiene el pulso a ciento once. Carpeta nueva. La abro y ya veré.» Y, más bajo: «ven el miércoles, hombre-savia. Aunque no sea por el traje.» Trabaja hasta las tantas en la mejor cosa que ha diseñado nunca — no porque sea el reto técnico más raro, que también, sino porque es PARA ÉL, aunque todavía no sepa nombrarlo. CANJE APLAZADO.",si,14
pm-073,caracter,2,"S14/D15 (ronda con Aizawa, turnos 138-143 REALMENTE jugados -- el cierre previo los marco como pendientes por error): Akari desvia la ronda al flanco este, LEE que el marcador fue seccionado por un profesional, gasta el fragmento Zoom para avistar al vigia en la azotea NE, y PROPONE sensores-planta pidiendo FIRMA de Nezu antes de plantar (con-024 aplicado por si mismo: se queda en el lado bueno de la linea analista/intruso). Test: actuo + coste (reloj externo encendido; sobrecarga gastada; expone el flanco a la vigilancia) + cambio (de descubridor a custodio del punto ciego; hilo del vigia abierto) + decision activa (pedir firma en vez de plantar). CANJE APLAZADO a cierre de Arco 1.",si,14

"# S14 (D15) CERRADA DEFINITIVA — APÉNDICE: pm-069 (Uraraka intrusivo 2) + pm-070 (Jirō en casa 1) + pm-071 (Momo llama a Jirō 3 — HITO MAYOR) + pm-072 (Mei sola 1). Σ S14 = pm-054..pm-068 (25) + pm-069..pm-072 (7) = 32 peso total en el día. CANJE APLAZADO a cierre de Arco 1. Inconsistencia temporal ronda con Aizawa: corregida — la ronda fue 22:30-23:30 (no 23:20-23:45 como en el cuerpo principal). POV Uraraka a las 22:15 tiene a Akari «a un metro escaso» porque regresó antes. Beat con Aizawa pendiente de narrar (turno 138 del usuario, sin respuesta del GM) — se reabre como hook S15/16 si el jugador lo pide."
pm-074,ing,2,S15/D16 Ley Heroica: informe de incidente del USJ (quien/cuando/autoridad/excepcion art.12) + puente a Tokoyami (responsabilidad legal de un Quirk semiautonomo). Monto el marco y encendio el debate.,si,15
pm-075,coo,2,S15/D16 Ley: cedio el foco a Tokoyami tras encender la mecha (Aizawa: 'el que enciende y se calla suele ser el que mas ha entendido'). El modelo que no acapara.,si,15
pm-076,ing,1,S15/D16 Ingles (Mic): expresiones nuevas (killing it/running it back) + redirigio el foco a Jiro ('guest tonight').,si,15
pm-077,ing,2,S15/D16 Hª del Arte (Midnight): tesis 'el cartel recodifica lo grotesco en sagrado' (arcangel liturgico) + sobresaliente del ensayo 'La percepcion es el trabajo'.,si,15
pm-078,tec,3,S15/D16 Taller Midnight (percepcion aplicada/camuflaje): aprendio a 'redistribuir el anhelo' (el tell es el deseo); Avatar+segunda piel de senuelo; sedujo a la maestra a su juego. HITO ruta-008/009.,si,15
pm-079,coo,3,"S15/D16 Fundamentos (All Might): rol de comunicador; flanco de comunicacion con el rescatado VENCIDO ('repartio el control', sobresaliente). Enfrento su debilidad de frente.",si,15
pm-080,coo,2,"S15/D16 Almuerzo de tribu: integro a Pony (mesa Kendo+Uraraka), pertenencia cosida; 3 bandos en una franja (hierro+Pony+logistica Nejire).",si,15
pm-081,vinculo_nejire,3,"S15/D16 Fase 3 aceptada por Aizawa con Nejire socia; ella se PLANTA ('no soy tu pasajera, soy tu copiloto'). HITO MAYOR (copiloto certificado + agencia reclamada).",si,15
pm-082,caracter,2,S15/D16 Honestidad proactiva ante Aizawa: confeso la Fase 3/4 sin ocultar ('te avise el mismo bloque; esta hora la pusiste tu').,si,15
pm-083,caracter,2,"S15/D16 Respeto radical de la agencia de Nejire: contuvo el instinto protector, le pregunto en vez de decidir (Aizawa: 'aliado que elige, no peon que proteges'; All Might aparte: 'elige guiar, no llevar del ronzal').",si,15
pm-084,vinculo_ibara,1,"S15/D16 Colaboracion botanica del sotobosque sensor (vides+savia+Blackroot); niebla protegida ('hay una serpiente real, no te doy su cara, por ti').",si,15
pm-085,vinculo_momo,2,S15/D16 El arbol regado: entre-muros SIN drenaje ('vengo a alimentarte a ti') + Mei disclosada cara a cara + llamada de amor (su dia).,si,15
pm-086,caracter,3,"S15/D16 URARAKA FLORECE por su eleccion -- HITO MAYOR. Cura cruzada de heridas (a ella la carga/rendicion elegida despierta; a el el abandono, '¿no te perderia?'). Respeto total de agencia. Sueno somnofilo confesado y guardado.",si,15
pm-087,caracter,2,"S15/D16 Cerro su percepcion de sangre para dar a Uraraka la oscuridad de verdad que pidio -- el que lo ve todo eligiendo no ver. La leccion de All Might (dar, no tomar) en lo intimo.",si,15
pm-088,tec,2,S15/D16 Fase 4 disclosada (bucle biplaza) + dato defensivo (savia vs Quirks emisores). Mapeo del techo (ruta-007).,si,15
pm-089,vinculo_nejire,2,S15/D16 Cena honda con Nejire: vulnerabilidad del 'instinto tonto' (abandono); ella ofrece ventana+puerta+familia ('esta no se va'). 6->7 anclado.,si,15
pm-090,vinculo_toru,1,S15/D16 Cita cumplida con Toru: cuidado de regla + intimidad plena + 'te quiero'; la ve por su mapa de sangre invisible.,si,15

# S15 (D16) CERRADA: pm-074..pm-090 (17 marcas) = 35 peso total -- jornada cumbre. HITOS MAYORES: pm-086 (Uraraka florece) + pm-081 (Fase 3/Nejire copiloto) + pm-078 (camuflaje redistribuir anhelo). Sin subidas concedidas. CANJE APLAZADO a cierre de Arco 1. Maestria 4 congelada.
pm-091,vinculo_uraraka,2,"S16/D17 Cucharita del alba consentida ('ladron con codigo') + SUENO DE RENDICION CUMPLIDO por la noche (eleccion de no subir; flotacion de felicidad). Test: actuo, riesgo emocional, cambio el vinculo, decision activa.",si,16
pm-092,ing,1,"S16/D17 Doctrina de armamento de rango fundada con Aizawa+Snipe (dardos recuperables, cascara latex+lignina+spin, 'catar antes de cargar', anti-material al cuaderno).",si,16
pm-093,coo_caracter,3,"S16/D17 HITO MAYOR: partida con Nezu de igual a igual - protocolo -dono, Fase 4 como carta (sin pedirla), 'no se que pedir', favor sin fecha elegido, familia protegida, analisis del tasador validado.",si,16
pm-094,tec,1,S16/D17 Sobre lacrado en sangre con temporizador entregado a Nezu (red de seguridad retroactiva; tradecraft propio no ensenado).,si,16
pm-095,tec,2,S16/D17 Taller Midnight v2: bradicardia voluntaria 33 lpm de pie + leccion 'emitir otra emisora' ejecutada 9:40 en vivo -> MATRICULA con asterisco.,si,16
pm-096,vinculo_midnight,2,S16/D17 Primer drenaje de Midnight ('auxilio administrado por la profesora') + memoria de la lamparita vista y CONTADA ENTERA hombro con hombro ('gracias por dejar la lamparita encendida').,si,16
pm-097,tec_vinculo_ibara,1,"S16/D17 Sotobosque fase 3 (80m, 16 nudos) + verdad podada con precision ('a por la fruta') + primera deteccion operativa validada ante la aliada.",si,16
pm-098,vel_tec,2,S16/D17 HITO ruta-007 CUMPLIDO: 155 km/h SOSTENIDOS (3 pasadas) con capullo aerodinamico nacido de la sangre de Nejire. CANJE INSTANTANEO PACTADO EN SESION - pendiente eleccion del jugador (VEL o TEC +1).,"si (CANJEADA -> VEL 3->4, hp-004, eleccion del jugador post-cierre S16)",16
pm-099,tec,2,S16/D17 MODO TOBERA descubierto (alas replegadas = fuselaje + tobera vectorial; 178 km/h punta en 400m; admision alisada por ondas de Nejire). Restringido por Aizawa.,si,16
pm-100,vinculo_nejire,2,S16/D17 Te-amo mutuo ('estrella pulsar'/'estamos en fase') + primer drenaje EN VUELO (resonancia; fragmento ONDAS x2) + copilotaje real del capullo/tobera.,si,16
pm-101,vinculo_nejire_caracter,3,S16/D17 HITO MAYOR: LA PUERTA - familia Hado conocida (6 porques; 'cuando no brille es cuando mas la querre') + PETICION DE MANO a Mirai concedida EN PERIODO DE PRUEBA (3 clausulas).,si,16
pm-102,vinculo_pony_caracter,1,S16/D17 'Profesora Tsunotori': belonging invertido (de ayudada a util; pinky promise vinculante) + metodo monigote-kanji ensenado.,si,16
pm-103,ing,1,S16/D17 Generalizacion equiangular presentada sin colmillo y aceptada por Ectoplasm como trabajo voluntario (demostracion formal el lunes).,si,16
pm-104,caracter,1,S16/D17 Thirteen: 'el que no grita' + perfil de rescate reconocido + oferta de creditos extra; confidencia del USJ recibida.,si,16
pm-105,vinculo_momo,1,S16/D17 Biombo del alba: desahogo sostenido por el arbol; 'no suenes despierto conmigo: AGENDA conmigo'; corbata/mono/bollo (el sueno domestico adelantado en miniatura).,si,16
pm-106,vinculo_mina,1,S16/D17 Madriguera dos revelada ('solo tu') + 'cuando tu quieras' ('NADIE me lo ha dicho nunca') + cita del jueves fijada.,si,16

# S16 (D17) CERRADA: pm-091..pm-106 (16 marcas) = 26 peso. HITOS MAYORES: pm-093 (partida con Nezu) + pm-101 (la puerta/mano en periodo de prueba). pm-098 = CANJE INSTANTANEO PACTADO (pendiente eleccion jugador VEL o TEC). Resto APLAZADO a cierre de Arco 1.
pm-107,control del Quirk,1,"Avatar Carmesi estrenado EN PUBLICO como castano elegido (victoria por anillo sobre Ojiro, 2:41, geometria de senuelo)",D18,17
pm-108,vinculo (Mei),1,Mei florecio: primera vez de ella + 'te quiero sin datos' + llanto sin armadura + ritual de la primera sangre,D18,17
pm-109,caracter/vinculo (Momo) — HITO MAYOR,3,"EL ANILLO DE KINKAKU-JI: gema sanguina co-inventada y forjada en una noche; propuesta en la sombra sin robar la guerra de Momo ('comprometete conmigo HOY; la peticion formal, tras tu victoria') -> SI",D20,17
pm-110,Quirk/juicio (Fundamentos),2,"LA SAVIA HABLA (cordon-altavoz) estrenada en extraccion bajo amenaza: 9,6, comunicacion 7->10, hipotesis summa CONFIRMADA ('hoy le has puesto VOZ al juicio')",D19,17
pm-111,Quirk/alianza (Ibara),2,EL TELEGRAFO DEL JARDIN co-creado: el sotobosque pasa de alarma muda a informe en tiempo real (pulsos presencia/direccion/distancia),D19,17
pm-112,Quirk/invencion,2,MUNICION VIVA GUIADA: virote-bestia que anticipa trayectorias (cazo a Vesper a 60 m al 3er intento) + Vesper creado. Inventada en una tarde desde una crisis de confianza — y NO ensenada (disciplina de castanos),D22,17
pm-113,caracter/vinculo (Uraraka),2,EL MAPA + LA CONSTITUCION DE LA CASA: el bosque entero revelado a la guardiana ANTES de que Heights se lo ensenara solo; territorio de ella blindado por diseno propio; clausula del preaviso,D21,17
pm-114,academico (Mates),1,"LA PIZARRA GRANDE: demostracion equiangular de nivel superior + contraejemplo de Momo desmontado en vivo; 'la pizarra grande los lunes: una llave, no un premio'",D22,17
pm-115,OPSEC/estrategia,1,"DOCTRINA HEIGHTS v0 co-disenada con Momo (pares antes de mudanza; velocidad+narrativa; Aizawa=boveda, Nezu=clima; testigo-no-marido)",D19,17
pm-116,caracter (Midnight),2,LA CONFESION Y THE ELDAR: 'ni en un examen puedo ser yo' dicho en voz alta a la profesora de las mascaras; dos lagrimas de Nemuri (primeras en un aula en 20 anos); el 'por ahora' con fecha estructural — tabu sostenido por los dos,D22,17
pm-117,fisico (ruta-006),1,5k a tope 23:58 SIN savia (Erasure de garantia; primera marca con VEL 4); bloque 2 en trayectoria — 'tu numero menos espectacular; el que mas me gusta',D18,17
pm-118,control multi-bestia,1,"SEIS-QUE-SON-UNO (concierto de 5 voluntades simultaneas coordinadas en arte, no combate) + Blackroot MONTURA estrenada (~65 km/h campus, control absoluto)",D22,17

# S17 (D18-D22) CERRADA: pm-107..pm-118 (12 marcas) = 19 peso. HITO MAYOR: pm-109 (el anillo de Kinkaku-ji, peso 3). TODAS APLAZADAS a cierre de Arco 1 (patron vigente; canjes cuando el jugador quiera). Maestria 4 congelada (declinaciones 9a Mei D18 + 10a Ibara D19). Scars 0; rewind sin usar en S17.
pm-119,fisico/VEL (ruta-006),1,"CARRERA CON IIDA (400m base vs base, sin Recipro): Cuerpo/savia-resorte casi le gana; el techo identificado es la CADENCIA (frecuencia), no la zancada. Punto debil regalado al rival la vispera del examen = confianza.",D23,18
pm-120,caracter (identidad/Aizawa),3,"NO VIVIRE BAJO UNA PIEDRA: declaracion de que saldra a la luz por su pie + OFERTA DE BACK-UP DE ERASURE DE POR VIDA (lealtad, no codicia; elevada a Nezu) + municion viva al cuaderno con protocolo de interruptor + el proyectil ES el. HITO MAYOR de identidad.",D23,18
pm-121,vinculo (Momo),3,CIERRE DE LA ASIMETRIA DE AFECTO: Momo suelta el ultimo margen de autoproteccion (diez sin descontar) al confrontar vivir-juntos vs su guerra + COMPROMISO DE PONER FECHA a su guerra. Linea roja sostenida (la libra ella). HITO MAYOR de vinculo.,D23,18
pm-122,vinculo/caracter (Jiro),2,LA BANDA + ESCENA BLUR: Jiro canta de CARA en publico por primera vez en su vida (catarsis de la que canta de espaldas); duo intimo sagrado definido (yo-para-mi-tu-para-ti = estribillo pista tres); Tokoyami reclutado a la guitarra.,D23,18
pm-123,ruta-008/caracter (Midnight),2,"TEATRO DE LAS DOS MASCARAS EN VIVO: sostener la careta de alumno ante la maestra de las mascaras (primera clase post-Eldar) + respuesta magistral que devuelve su propio retrato como teoria y la herramienta para no derramarse. Emitir otra emisora sin apagar la tuya, aplicado ante quien lo enseno.",D23,18
pm-124,academico/liderazgo (Fundamentos),3,"MATRICULA DE JUICIO + LIDERAZGO (All Might): simulacro con trampa doble (civil suicida + Bakugo desobediente) resuelto sin perseguir, con prioridad de varios, salvando a Bakugo con una red sin humillarlo. Todos salvados; edificio perdido. HITO academico.",D23,18
pm-125,vinculo/caracter (Tsuyu),2,"APERTURA HONESTA CON TSUYU: declara deseo crudo, recula, se disculpa y RENUNCIA a tocarla por respeto (el corazon gana al hambre) -> abre el vinculo de aliada a camino romantico; aprende que a ella se la gana con la mente.",D23,18
pm-126,caracter/vinculo (Guardianes),1,"EL WERTHER Y LOS GUARDIANES: articula que Werther murio de soledad, no de falta de libertad; los Guardianes del Ocaso como antidoto (montan guardia unos por otros; el pacto de los muros). Soba a Todoroki.",D23,18
pm-127,caracter/liderazgo estudiantil,1,AULA DE REPASO MARATON (mis-034) inter-clases 15-20h: Monoma de auditor a colaborador; amabilidad estrategica que une 1-A y 1-B la vispera del examen; coraza de notoriedad legitima.,D23,18
pm-128,vinculo (regalos como beats),1,"LA COLA DE REGALOS COMO BEATS INDIVIDUALES: tabi/sol-luna (Mina, ver los pies) + netsuke kaeru (Tsuyu) + semillas de loto (Ibara, la flor del lodo) + pincel (Pony) + soba (Todoroki). Cada uno su momento emotivo, ninguno de pasada.",D23,18
# S18 (D23) CERRADA: pm-119..pm-128 (10 marcas) = ~19 peso. HITOS MAYORES: pm-120 (identidad/Aizawa, peso 3), pm-121 (Momo/asimetria+fecha, peso 3), pm-124 (Fundamentos/liderazgo, peso 3). TODAS APLAZADAS a cierre de Arco 1. Maestria 4 congelada (11a declinacion: micro-toma Momo D23). Scars 0; rewind sin usar.
pm-129,academico/liderazgo-rescate (Practico D24),3,"EXAMEN PRACTICO DE RESCATE (Ground Beta, con observadores de la Comision): 6/6 civiles, barrio intacto, contencion sin destruir, protocolo de operacion completo (agencia a las victimas + sanitarios + perimetro). Poda OPSEC con Ibara (ella titular visible). Rompio el margen UNA vez por clausula de emergencia (2 vidas) SIN tocar jamas el AMBAR (verde hasta el final). Paso el examen-dentro-del-examen de Aizawa (criterio>potencia). Coste: huella visible ante la Comision (Tachibana anota versatilidad). REGLA: el examen entero = 1 sola marca mecanica.",D24,19
pm-130,caracter/liderazgo relacional (toldo verde),2,"DESTAPE DE NIEBLA Y ALIANZA DE VERTICES: Akari elimina la asimetria de niebla entre Momo (arbol) y Nejire (que dedujo y sello el secreto sola), presentandolas con la verdad puesta -> se alian entre ELLAS ('raiz principal + raiz de al lado'), intercambian numeros. Dibuja el mapa de las bodas (reparto de cargas, no rango). Coste/riesgo: expuso un secreto mayor de Momo apostando a que Nejire lo cuido bien (salio, pero pudo estallar).",D24,19
# S19 (D24) CERRADA: pm-129 (peso 3, examen practico/rescate) + pm-130 (peso 2, destape+alianza de vertices) = 5 peso. APLAZADAS a cierre de Arco 1 (no se conceden subidas de stat; Arco 1 = stats 3-4). Maestria 4 congelada (SIN nueva declinacion: cero drenajes en D24; los beats intimos fueron con proteccion, sin beso de sangre). Scars 0; rewind NO usado. Presupuesto de marcas del dia respetado (2 marcas, examen=1).
pm-131,combate/criterio (arena D25),2,VICTORIA SOBRE BAKUGO con critico (2d6=13): Dionaea+Drosera gigantes + segunda piel endurecida propia — contencion total sin destapar potencia; redireccion de su carga; mano tendida despues ('somos amigos... macetero') = gestion del rival consolidada. + duelo Iida ganado por posicion + docencia a companero de perfil bajo ('el vertice desde el que tres dianas se alinean').,S20/D25,S20
pm-132,caracter/OPSEC bajo fuego (el bisturi),2,"GESTION DEL ROBO: descubrio el tampering quirurgico, ESTALLO, y uso el rewind TACTICAMENTE para negar al fantasma su prueba (scars 0→1, cicatrizada); reconstruyo la red de investigacion en frio (Aizawa/Momo/Midnight/Tsuyu) y sostuvo la doctrina 'experimento sin resultados' ante el pais entero. Verbalizo la herida de identidad (12 anos ocultado) a 4 personas sin romperse.",S20/D25-26,S20
pm-133,doctrina/mascara (jaque a la titular),1,"JAQUE MATE A MIDNIGHT EN SU ASIGNATURA: identifico que el 9,5 de ella era EL TELL de un expediente perfecto ('no me protegia: me senalaba'); gano la revision al 10 convertida en TRAZADORA y la puesta en mesa de la correccion ciega. Doctrina del Terremoto fundada como respuesta propia al borrado.",S20/D26,S20
pm-134,estructura/proteccion (red Heights),1,"RED ANTI-MINETA: arbol de 4 plantas + Corvax + Myobu disenados para EXCLUIRSE del castigo y entregar evidencia al tutor ('red, testigos y estructura' de Ochaco hecha infraestructura); autorizada y FIRMADA por Aizawa con 3 condiciones. 'Asi se protege sin romperse nada.'",S20/D27,S20
pm-135,vinculo/temporal (el delta) — HITO MAYOR,3,"NIGHTEYE: entrego el enigma exacto, miro la vitrina y callo, dio la mano CON CONDICION y dejo que el unico lector de tiempo de Japon viera EL DELTA; 'LE SALVAREMOS' en plural; magisterio del tiempo fundado con metrica de scars; documento SIN FIRMAR honrando la palabra dada a Aizawa. El cronometro parado en 4:07.",S20/D28,S20
# S20 (D25-D28) CERRADA: pm-131..pm-135 = 9 peso. APLAZADAS a cierre de Arco 1 (regla vigente). Maestria 4 congelada (14 declinaciones: 12a Kendo D25, 13a-14a Ochaco+Mina D26). Scars 0 (la del rewind D25 cicatrizo en horas; la linea descartada del tablon la recuerda solo Akari).
pm-136,acondicionamiento/pool (VEL/PWR),1,10K SUB-50 (49:12 con Mirio de liebre) = bloque 2 de ruta-006 cerrado; pool 72% con constructos = coste real. Test de validez limpio.,si,S21
pm-137,caracter/identidad — HITO MAYOR (Osaka dado),3,"THE UNFORGIVEN: volco su infancia entera de Osaka a Jiro por resonancia (no contada, DADA); cumbre de vulnerabilidad y confianza; sella el porque de 'no vivire bajo una piedra' con una persona mas.",si,S21
pm-138,caracter/doctrina (leccion 1 Midnight),2,"Eligio que NO vende (el corazon, su mejor Quirk) frente al escaparate; talla la mascara sin tocar la herida. Palabra decidida = ARREBATO. Funda la mascarada (ruta-008/010/013).",si,S21
pm-139,TEC/Quirk (descubrimientos del Eco),2,"Resonancia: transmitir/amplificar emocion, boost de Quirk aliado (Heartbeat de Jiro), implantar emocion detectable, anti-fase que cancela emisores; domar el feedback (Larsen/espiral). ruta-013 Peldano 1 consolidado.",si,S21
pm-140,COO/caracter (red de aliados),1,Confio el motivo OPSEC a Bakugo (aliado-guardian involuntario) + palabra de silencio de Midoriya; sparrings de madrugada pactados. Teje red de complices sin exponer el nucleo.,si,S21
# S21 (D29) CERRADA: pm-136..pm-140 = 9 peso. APLAZADAS a cierre de Arco 1 (acumulado del arco). Acondicionamiento (pm-136) concedible al evaluar; el resto se libera con el bote.
pm-141,caracter/madurez (dominio y renuncia),3,"Domo la bestia desde dentro por 1a vez (freno interno del hambre, tirada critica) + ELIGIO no rebobinar el incidente pudiendo hacerlo = la madurez que Aizawa le describio. HITO MAYOR.",si,S22
pm-142,TEC/Quirk (resonancia potencia Quirks + resurreccion dirigida),3,Descubrio que la resonancia potencia el Quirk ajeno a niveles absurdos (fatal) y dirigio la savia desde una brasa para resucitar de una muerte clinica. HITO MAYOR. -> OTORGADA vía maestria 4->5 (hp-005).,si,S22
pm-143,PWR/COO (filo ofensivo),1,Bakugo le metio el gatillo rapido / el remate sin el medio segundo de duda; sparring real con lesiones. Acondicionamiento de combate. -> OTORGADA vía COO 3->4 (hp-006).,si,S22
pm-144,caracter/vinculos (agencia devuelta),2,"Devolvio la decision a Midnight (que ella salte el muro), a Kendo (Setsuna), a las flores (cada una su precio); freno su propio beso por respeto; el pacto de la eternidad con Momo (veto de la cadena).",si,S22
# S22 (D30): pm-141..pm-144 = 9 peso. Aplazadas a cierre de Arco 1 (bote). MAESTRIA 4->5 aplicada en ficcion (hp-005, no por evaluacion). Scars 0.
# S22 CIERRE DE ARCO 1: BOTE CONSUMIDO. Las 183 de peso aplazado (pm-041..pm-144) se materializaron en: STATS TEC/ING/COO 4->5 (COO 3->5), PWR/VEL 4; QUIRK potencial 5->6 + maestria 5->6. El grueso de caracter/voluntad (65) y mente/tecnica (TEC 26/ING 19/COO 26) subio los stats; los ~40 de vinculo ya estaban en closeness. Arco 2 empieza con PWR/VEL como margen.
pm-145,caracter/voluntad,3,S23/D31: descubre y mide de frente el M6 con Momo en vez de seguir negandolo ('esto no es normal'); afronta en que se ha convertido con testigo,no,S23
pm-146,vinculo,3,"S23/D31: Nejire 9->10, primera vez sobre el mar + primera sangre virginal + verdad de la vision compartida + 'la mas nitida'",si,S23
pm-147,TEC/COO,2,"S23/D31: sobresaliente de contencion con Cementoss (12 civiles, dano cero, aislar al adversario en vez de vencerlo)",no,S23
pm-148,caracter/OPSEC,2,"S23/D31: bajo perfil sostenido todo el dia de auditoria + NO espia la carpeta de la auditora pudiendo (disciplina, se lo debe a Aizawa)",no,S23
pm-149,Quirk/Eco,2,S23/D31: boost de Eco que rompe Mach 1 (Wave Motion de Nejire potenciado) + edging de placer a distancia controlado a Midnight (monitorizando constantes),no,S23
pm-150,ING/estudio,1,S23/D31: estudio en dos tiempos con dominio (8 avatares estudiando en paralelo),no,S23
